"gene","name","p_val","p_val_adj","pct_1","pct_2","pct_diff","avg_log2FC","clusterName","celltype_id","species","tissue","dataset"
"Os05g0111300","OsMT2b",0,0,0.876,0.096,0.78,4.19939133582566,"Branch meristem","oryza_sativa->PO:0009049->SP:0000036","oryza_sativa","Inflorescence","SRP339472"
"Os09g0484200","LOC_Os09g31080",0,0,0.248,0.02,0.228,2.73528833567877,"Branch meristem","oryza_sativa->PO:0009049->SP:0000036","oryza_sativa","Inflorescence","SRP339472"
"Os06g0643500","LOC_Os06g43600",4.59031643465013e-219,2.48905318352468e-214,0.297,0.042,0.255,2.64937336252988,"Branch meristem","oryza_sativa->PO:0009049->SP:0000036","oryza_sativa","Inflorescence","SRP339472"
"Os08g0485000","LOC_Os08g37840",3.29710650165156e-114,1.78782302945554e-109,0.305,0.076,0.229,2.27553366429047,"Branch meristem","oryza_sativa->PO:0009049->SP:0000036","oryza_sativa","Inflorescence","SRP339472"
"Os02g0629800","CAL1",7.39472942927084e-111,4.00971808572782e-106,0.239,0.049,0.19,1.98465618028995,"Branch meristem","oryza_sativa->PO:0009049->SP:0000036","oryza_sativa","Inflorescence","SRP339472"
"Os05g0349800","Em*",2.66582302829699e-66,1.44551587886376e-61,0.276,0.091,0.185,1.79080523590141,"Branch meristem","oryza_sativa->PO:0009049->SP:0000036","oryza_sativa","Inflorescence","SRP339472"
"Os11g0671000","ARP1",3.88148413220386e-65,2.10469595584622e-60,0.215,0.06,0.155,1.75941614134386,"Branch meristem","oryza_sativa->PO:0009049->SP:0000036","oryza_sativa","Inflorescence","SRP339472"
"Os02g0121300","LRT2",4.08678449875268e-67,2.21601802660365e-62,0.312,0.11,0.202,1.60632365722151,"Branch meristem","oryza_sativa->PO:0009049->SP:0000036","oryza_sativa","Inflorescence","SRP339472"
"Os04g0498600","SAMDC",6.11829192285301e-26,3.31758261224782e-21,0.328,0.179,0.149,0.887787435215091,"Branch meristem","oryza_sativa->PO:0009049->SP:0000036","oryza_sativa","Inflorescence","SRP339472"
"Os01g0780900","LOC_Os01g57250",9.20336770480053e-22,4.99043410425104e-17,0.341,0.2,0.141,0.884151695244076,"Branch meristem","oryza_sativa->PO:0009049->SP:0000036","oryza_sativa","Inflorescence","SRP339472"
"Os03g0726100","OsTubA3",2.00539381130579e-19,1.08740474024245e-14,0.244,0.13,0.114,0.866722070693883,"Branch meristem","oryza_sativa->PO:0009049->SP:0000036","oryza_sativa","Inflorescence","SRP339472"
"Os11g0247300","TID1",1.50741538849533e-34,8.17380920257707e-30,0.596,0.4,0.196,0.847324113768853,"Branch meristem","oryza_sativa->PO:0009049->SP:0000036","oryza_sativa","Inflorescence","SRP339472"
"Os07g0661400","LOC_Os07g46670",2.69282021873242e-15,1.46015483540547e-10,0.286,0.178,0.108,0.779434130885872,"Branch meristem","oryza_sativa->PO:0009049->SP:0000036","oryza_sativa","Inflorescence","SRP339472"
"LNC_Os03g25810","LNC_Os03g25810",1.20445333071114e-13,6.53102774044809e-09,0.227,0.134,0.093,0.773505471357776,"Branch meristem","oryza_sativa->PO:0009049->SP:0000036","oryza_sativa","Inflorescence","SRP339472"
"Os08g0129800","LOC_Os08g03579",2.31782255154321e-34,1.25681610034879e-29,0.592,0.389,0.203,0.761800161018064,"Branch meristem","oryza_sativa->PO:0009049->SP:0000036","oryza_sativa","Inflorescence","SRP339472"
"Os10g0540300","LOC_Os10g39470",3.05485102187255e-12,1.65646241810017e-07,0.268,0.17,0.098,0.645323181169739,"Branch meristem","oryza_sativa->PO:0009049->SP:0000036","oryza_sativa","Inflorescence","SRP339472"
"Os03g0670700","OsGRP3",6.59213593614652e-21,3.57451979001609e-16,0.679,0.549,0.13,0.642836458357552,"Branch meristem","oryza_sativa->PO:0009049->SP:0000036","oryza_sativa","Inflorescence","SRP339472"
"Os04g0486600","GAPDH",5.3386502474489e-15,2.89482971017669e-10,0.26,0.152,0.108,0.627793679915395,"Branch meristem","oryza_sativa->PO:0009049->SP:0000036","oryza_sativa","Inflorescence","SRP339472"
"Os03g0342900","LOC_Os03g22270",3.99976855248497e-07,0.0216883449989945,0.272,0.198,0.074,0.590941311035532,"Branch meristem","oryza_sativa->PO:0009049->SP:0000036","oryza_sativa","Inflorescence","SRP339472"
"Os11g0660500","OsTCTP",3.89318381259039e-21,2.11103999053901e-16,0.691,0.55,0.141,0.564969925017946,"Branch meristem","oryza_sativa->PO:0009049->SP:0000036","oryza_sativa","Inflorescence","SRP339472"
"Os03g0327600","LOC_Os03g21040",1.56290329188475e-13,8.47468680991586e-09,0.42,0.3,0.12,0.554924311555919,"Branch meristem","oryza_sativa->PO:0009049->SP:0000036","oryza_sativa","Inflorescence","SRP339472"
"Os01g0819500","OsUBC22",1.98664463991967e-08,0.00107723818955,0.244,0.166,0.078,0.54142739681588,"Branch meristem","oryza_sativa->PO:0009049->SP:0000036","oryza_sativa","Inflorescence","SRP339472"
"Os09g0258600","rpl22",1.41128664523609e-08,0.0007652560705128,0.244,0.164,0.08,0.529423358241774,"Branch meristem","oryza_sativa->PO:0009049->SP:0000036","oryza_sativa","Inflorescence","SRP339472"
"Os06g0184300","BIP110",4.81328585869736e-13,2.60995612402006e-08,0.41,0.29,0.12,0.525857466764909,"Branch meristem","oryza_sativa->PO:0009049->SP:0000036","oryza_sativa","Inflorescence","SRP339472"
"LNC_Os08g32255","LNC_Os08g32255",0,0,0.576,0.154,0.422,3.28168243292594,"Flag leaf","oryza_sativa->PO:0009049->PO:0020103","oryza_sativa","Inflorescence","SRP339472"
"LOC_Os01g57968","LOC_Os01g57968",0,0,0.301,0.042,0.259,3.11610683746065,"Flag leaf","oryza_sativa->PO:0009049->PO:0020103","oryza_sativa","Inflorescence","SRP339472"
"gene-rpoC2","gene-rpoC2",0,0,0.387,0.059,0.328,3.06973607124243,"Flag leaf","oryza_sativa->PO:0009049->PO:0020103","oryza_sativa","Inflorescence","SRP339472"
"LNC_Os05g28150","LNC_Os05g28150",0,0,0.398,0.066,0.332,2.95653937349189,"Flag leaf","oryza_sativa->PO:0009049->PO:0020103","oryza_sativa","Inflorescence","SRP339472"
"LOC_Os12g34128","LOC_Os12g34128",0,0,0.565,0.128,0.437,2.92384005012085,"Flag leaf","oryza_sativa->PO:0009049->PO:0020103","oryza_sativa","Inflorescence","SRP339472"
"LOC_Os04g16722","LOC_Os04g16722",0,0,0.305,0.075,0.23,2.91883337710302,"Flag leaf","oryza_sativa->PO:0009049->PO:0020103","oryza_sativa","Inflorescence","SRP339472"
"LNC_Os01g01510","LNC_Os01g01510",0,0,0.351,0.055,0.296,2.86750718093094,"Flag leaf","oryza_sativa->PO:0009049->PO:0020103","oryza_sativa","Inflorescence","SRP339472"
"LOC_Os10g21230","LOC_Os10g21230",0,0,0.36,0.06,0.3,2.75618518324589,"Flag leaf","oryza_sativa->PO:0009049->PO:0020103","oryza_sativa","Inflorescence","SRP339472"
"gene-rps1","gene-rps1",0,0,0.553,0.139,0.414,2.66451155086409,"Flag leaf","oryza_sativa->PO:0009049->PO:0020103","oryza_sativa","Inflorescence","SRP339472"
"LOC_Os12g34056","LOC_Os12g34056",0,0,0.277,0.042,0.235,2.59289335422433,"Flag leaf","oryza_sativa->PO:0009049->PO:0020103","oryza_sativa","Inflorescence","SRP339472"
"LNC_Os01g18175","LNC_Os01g18175",0,0,0.306,0.047,0.259,2.5645862333157,"Flag leaf","oryza_sativa->PO:0009049->PO:0020103","oryza_sativa","Inflorescence","SRP339472"
"LOC_Os09g01000","LOC_Os09g01000",0,0,0.688,0.297,0.391,2.50902865914008,"Flag leaf","oryza_sativa->PO:0009049->PO:0020103","oryza_sativa","Inflorescence","SRP339472"
"LNC_Os07g53000","LNC_Os07g53000",0,0,0.203,0.026,0.177,2.47096718453272,"Flag leaf","oryza_sativa->PO:0009049->PO:0020103","oryza_sativa","Inflorescence","SRP339472"
"gene-cox3","gene-cox3",0,0,0.233,0.033,0.2,2.41096788016739,"Flag leaf","oryza_sativa->PO:0009049->PO:0020103","oryza_sativa","Inflorescence","SRP339472"
"LOC_Os12g33946","LOC_Os12g33946",0,0,0.25,0.046,0.204,2.33939187239648,"Flag leaf","oryza_sativa->PO:0009049->PO:0020103","oryza_sativa","Inflorescence","SRP339472"
"LNC_Os12g69410","LNC_Os12g69410",0,0,0.214,0.037,0.177,2.28174208593517,"Flag leaf","oryza_sativa->PO:0009049->PO:0020103","oryza_sativa","Inflorescence","SRP339472"
"LOC_Os09g00999","LOC_Os09g00999",0,0,0.691,0.395,0.296,1.87948306964349,"Flag leaf","oryza_sativa->PO:0009049->PO:0020103","oryza_sativa","Inflorescence","SRP339472"
"Os11g0139700","LOC_Os11g04409",3.28225337844293e-232,1.7797690719269e-227,0.304,0.132,0.172,1.54112841592296,"Inflorescence axis","oryza_sativa->PO:0009049->PO:0020122","oryza_sativa","Inflorescence","SRP339472"
"Os08g0387050","Os08g0387050",4.42533630819504e-143,2.39959435975568e-138,0.216,0.095,0.121,1.44991813561574,"Inflorescence axis","oryza_sativa->PO:0009049->PO:0020122","oryza_sativa","Inflorescence","SRP339472"
"Os05g0495300","LOC_Os05g41550",2.24170064029325e-165,1.21553975519261e-160,0.43,0.283,0.147,1.30495023086863,"Inflorescence axis","oryza_sativa->PO:0009049->PO:0020122","oryza_sativa","Inflorescence","SRP339472"
"Os12g0603800","OsCML5",4.213686877332e-189,2.28482957236451e-184,0.312,0.154,0.158,1.27893380085522,"Inflorescence axis","oryza_sativa->PO:0009049->PO:0020122","oryza_sativa","Inflorescence","SRP339472"
"Os10g0528300","Os10g0528300",7.97501431862906e-271,4.32437176413342e-266,0.413,0.21,0.203,1.23135399220979,"Inflorescence axis","oryza_sativa->PO:0009049->PO:0020122","oryza_sativa","Inflorescence","SRP339472"
"Os02g0601300","OsGapC1",3.0211283413275e-178,1.63817663180142e-173,0.311,0.157,0.154,1.16216778499224,"Inflorescence axis","oryza_sativa->PO:0009049->PO:0020122","oryza_sativa","Inflorescence","SRP339472"
"Os04g0677500","LOC_Os04g58110",5.12285959001793e-177,2.77781938409132e-172,0.262,0.115,0.147,1.15424721993439,"Inflorescence axis","oryza_sativa->PO:0009049->PO:0020122","oryza_sativa","Inflorescence","SRP339472"
"Os05g0469600","pdc1*",1.22500693322165e-109,6.64247759470107e-105,0.204,0.099,0.105,1.15063929002313,"Inflorescence axis","oryza_sativa->PO:0009049->PO:0020122","oryza_sativa","Inflorescence","SRP339472"
"Os05g0138300","OsLti6b",2.34048515730953e-128,1.26910467169952e-123,0.229,0.109,0.12,1.1277387468534,"Inflorescence axis","oryza_sativa->PO:0009049->PO:0020122","oryza_sativa","Inflorescence","SRP339472"
"Os11g0210300","ADH1",3.99392268745675e-135,2.16566463804655e-130,0.316,0.185,0.131,1.09038125609074,"Inflorescence axis","oryza_sativa->PO:0009049->PO:0020122","oryza_sativa","Inflorescence","SRP339472"
"Os03g0655400","OsLEA24",0,0,0.555,0.332,0.223,1.08575857371036,"Inflorescence axis","oryza_sativa->PO:0009049->PO:0020122","oryza_sativa","Inflorescence","SRP339472"
"Os07g0418500","OsCYP709C9",3.15796369055364e-165,1.71237423156581e-160,0.337,0.183,0.154,0.983798329440413,"Inflorescence axis","oryza_sativa->PO:0009049->PO:0020122","oryza_sativa","Inflorescence","SRP339472"
"Os07g0150700","CIPK23",4.33476911208691e-237,2.35048520333801e-232,0.453,0.251,0.202,0.975470483257702,"Inflorescence axis","oryza_sativa->PO:0009049->PO:0020122","oryza_sativa","Inflorescence","SRP339472"
"Os06g0216300","OsOPR1",0,0,0.751,0.51,0.241,0.967918620487562,"Inflorescence axis","oryza_sativa->PO:0009049->PO:0020122","oryza_sativa","Inflorescence","SRP339472"
"Os08g0524200","LOC_Os08g41280",1.20657101539906e-92,6.54251067389987e-88,0.207,0.11,0.097,0.949020792185012,"Inflorescence axis","oryza_sativa->PO:0009049->PO:0020122","oryza_sativa","Inflorescence","SRP339472"
"Os02g0274100","AIM1",2.37962842294765e-110,1.29032971605913e-105,0.201,0.095,0.106,0.94412517854447,"Inflorescence axis","oryza_sativa->PO:0009049->PO:0020122","oryza_sativa","Inflorescence","SRP339472"
"Os08g0482700","OsUCL30",4.13776357771256e-264,2.24366092237886e-259,0.531,0.322,0.209,0.939645986217961,"Inflorescence axis","oryza_sativa->PO:0009049->PO:0020122","oryza_sativa","Inflorescence","SRP339472"
"Os09g0332700","OsPDR20",1.42179898507804e-106,7.70956281668718e-102,0.257,0.142,0.115,0.91496920855926,"Inflorescence axis","oryza_sativa->PO:0009049->PO:0020122","oryza_sativa","Inflorescence","SRP339472"
"Os03g0227800","LOC_Os03g12670",1.09000665760365e-93,5.91045210019001e-89,0.353,0.241,0.112,0.878429679944207,"Inflorescence axis","oryza_sativa->PO:0009049->PO:0020122","oryza_sativa","Inflorescence","SRP339472"
"Os05g0186300","OscytME2",3.1319524615882e-121,1.69826990277158e-116,0.293,0.163,0.13,0.863631056638457,"Inflorescence axis","oryza_sativa->PO:0009049->PO:0020122","oryza_sativa","Inflorescence","SRP339472"
"Os05g0595100","OsUGE1",7.08844822273476e-204,3.84364016429569e-199,0.517,0.337,0.18,0.853599190467046,"Inflorescence axis","oryza_sativa->PO:0009049->PO:0020122","oryza_sativa","Inflorescence","SRP339472"
"Os07g0635500","OsCYP709C5",2.04768597397225e-197,1.11033724252671e-192,0.48,0.299,0.181,0.841084595981688,"Inflorescence axis","oryza_sativa->PO:0009049->PO:0020122","oryza_sativa","Inflorescence","SRP339472"
"Os01g0905800","AldC-1",1.03186190740471e-50,5.59516800671128e-46,0.29,0.216,0.074,0.83389896196306,"Inflorescence axis","oryza_sativa->PO:0009049->PO:0020122","oryza_sativa","Inflorescence","SRP339472"
"Os08g0538600","LOC_Os08g42590",1.53001249703013e-125,8.29633976389618e-121,0.36,0.223,0.137,0.817305319303695,"Inflorescence axis","oryza_sativa->PO:0009049->PO:0020122","oryza_sativa","Inflorescence","SRP339472"
"Os08g0562600","LOC_Os08g44850",7.08615205331443e-91,3.84239508938922e-86,0.214,0.114,0.1,0.797851458786164,"Inflorescence axis","oryza_sativa->PO:0009049->PO:0020122","oryza_sativa","Inflorescence","SRP339472"
"Os02g0628800","LOC_Os02g41820",1.95100476347185e-131,1.05791282294498e-126,0.366,0.223,0.143,0.793353613616779,"Inflorescence axis","oryza_sativa->PO:0009049->PO:0020122","oryza_sativa","Inflorescence","SRP339472"
"Os07g0530600","LOC_Os07g34640",1.15378716610066e-87,6.25629552946422e-83,0.249,0.146,0.103,0.784200236968747,"Inflorescence axis","oryza_sativa->PO:0009049->PO:0020122","oryza_sativa","Inflorescence","SRP339472"
"Os07g0529800","GOS2",1.66184859691419e-186,9.01120783190751e-182,0.537,0.367,0.17,0.776243261444505,"Inflorescence axis","oryza_sativa->PO:0009049->PO:0020122","oryza_sativa","Inflorescence","SRP339472"
"Os12g0147800","OsPSK3",1.24279246409057e-96,6.73891785728472e-92,0.332,0.214,0.118,0.758784723805024,"Inflorescence axis","oryza_sativa->PO:0009049->PO:0020122","oryza_sativa","Inflorescence","SRP339472"
"Os07g0186000","TRXH",0,0,0.929,0.818,0.111,0.747884397477669,"Inflorescence axis","oryza_sativa->PO:0009049->PO:0020122","oryza_sativa","Inflorescence","SRP339472"
"Os01g0736900","LOC_Os01g53520",1.06930142732927e-125,5.79818005955022e-121,0.432,0.29,0.142,0.719503624490749,"Inflorescence axis","oryza_sativa->PO:0009049->PO:0020122","oryza_sativa","Inflorescence","SRP339472"
"Os02g0669100","LIP9",0,0,0.878,0.749,0.129,0.711804848412998,"Inflorescence axis","oryza_sativa->PO:0009049->PO:0020122","oryza_sativa","Inflorescence","SRP339472"
"Os01g0813400","OsARFA1a",4.49111731638089e-95,2.43526345363437e-90,0.316,0.199,0.117,0.696963516986959,"Inflorescence axis","oryza_sativa->PO:0009049->PO:0020122","oryza_sativa","Inflorescence","SRP339472"
"Os02g0730000","OsALDH2a",4.48214180124028e-77,2.43039657030453e-72,0.252,0.152,0.1,0.66321489884296,"Inflorescence axis","oryza_sativa->PO:0009049->PO:0020122","oryza_sativa","Inflorescence","SRP339472"
"Os11g0106700","OsFER1",1.01649343964153e-52,5.51183402711224e-48,0.228,0.151,0.077,0.635137319560634,"Inflorescence axis","oryza_sativa->PO:0009049->PO:0020122","oryza_sativa","Inflorescence","SRP339472"
"Os01g0839700","OsUBC11",4.67194178721135e-69,2.53331371469748e-64,0.273,0.177,0.096,0.632168570193179,"Inflorescence axis","oryza_sativa->PO:0009049->PO:0020122","oryza_sativa","Inflorescence","SRP339472"
"Os05g0412800","OsGSTU16",1.39442314953165e-39,7.56112008602039e-35,0.29,0.222,0.068,0.587544839142006,"Inflorescence axis","oryza_sativa->PO:0009049->PO:0020122","oryza_sativa","Inflorescence","SRP339472"
"Os10g0510500","OsSAUR56",8.93661207601747e-116,4.84578853209971e-111,0.548,0.414,0.134,0.586136478010424,"Inflorescence axis","oryza_sativa->PO:0009049->PO:0020122","oryza_sativa","Inflorescence","SRP339472"
"Os03g0599800","OsUAM1",1.69243418963842e-45,9.17705514989537e-41,0.22,0.149,0.071,0.578237496711038,"Inflorescence axis","oryza_sativa->PO:0009049->PO:0020122","oryza_sativa","Inflorescence","SRP339472"
"Os05g0539700","Os05g0539700",6.09891214351839e-73,3.30707412070141e-68,0.329,0.224,0.105,0.573908908914117,"Inflorescence axis","oryza_sativa->PO:0009049->PO:0020122","oryza_sativa","Inflorescence","SRP339472"
"Os02g0705400","LOC_Os02g47650",1.60691102755019e-235,8.71331435578815e-231,0.801,0.642,0.159,0.572929105614256,"Inflorescence axis","oryza_sativa->PO:0009049->PO:0020122","oryza_sativa","Inflorescence","SRP339472"
"Os03g0405900","LOC_Os03g29240",1.09259234213431e-69,5.92447271598907e-65,0.319,0.217,0.102,0.572265613479463,"Inflorescence axis","oryza_sativa->PO:0009049->PO:0020122","oryza_sativa","Inflorescence","SRP339472"
"Os06g0254700","LOC_Os06g14370",1.4481563415762e-61,7.8524829465628e-57,0.279,0.188,0.091,0.569634748885656,"Inflorescence axis","oryza_sativa->PO:0009049->PO:0020122","oryza_sativa","Inflorescence","SRP339472"
"Os01g0930200","LOC_Os01g70470",7.61810858884394e-62,4.13084320121474e-57,0.243,0.154,0.089,0.55358526114831,"Inflorescence axis","oryza_sativa->PO:0009049->PO:0020122","oryza_sativa","Inflorescence","SRP339472"
"Os02g0664000","OsGpx3",2.25997135296482e-184,1.22544686643164e-179,0.727,0.573,0.154,0.549964457934285,"Inflorescence axis","oryza_sativa->PO:0009049->PO:0020122","oryza_sativa","Inflorescence","SRP339472"
"Os04g0497000","OsNADPH1",9.41694762876352e-135,5.10624568222073e-130,0.591,0.437,0.154,0.535855047100187,"Inflorescence axis","oryza_sativa->PO:0009049->PO:0020122","oryza_sativa","Inflorescence","SRP339472"
"Os08g0558100","LOC_Os08g44390",1.19752125419186e-57,6.49343924872992e-53,0.288,0.197,0.091,0.522036977155161,"Inflorescence axis","oryza_sativa->PO:0009049->PO:0020122","oryza_sativa","Inflorescence","SRP339472"
"Os04g0531100","OsERG3",2.28047654569616e-100,1.23656560213829e-95,0.6,0.482,0.118,0.508097248695582,"Inflorescence axis","oryza_sativa->PO:0009049->PO:0020122","oryza_sativa","Inflorescence","SRP339472"
"Os03g0240600","OsUPS",2.48012394741934e-56,1.34482240924866e-51,0.291,0.201,0.09,0.504127058495649,"Inflorescence axis","oryza_sativa->PO:0009049->PO:0020122","oryza_sativa","Inflorescence","SRP339472"
"Os09g0457900","ERF102",0,0,0.332,0.027,0.305,3.24552024009947,"Inflorescence meristem","oryza_sativa->PO:0009049->PO:0000230","oryza_sativa","Inflorescence","SRP339472"
"Os03g0764100","WZF1",0,0,0.451,0.064,0.387,3.0093841031216,"Inflorescence meristem","oryza_sativa->PO:0009049->PO:0000230","oryza_sativa","Inflorescence","SRP339472"
"Os03g0266900","OsHsp17.3",0,0,0.6,0.129,0.471,2.78480632548991,"Inflorescence meristem","oryza_sativa->PO:0009049->PO:0000230","oryza_sativa","Inflorescence","SRP339472"
"Os03g0267000","OsHSP18.0-CI",0,0,0.39,0.055,0.335,2.75473341787389,"Inflorescence meristem","oryza_sativa->PO:0009049->PO:0000230","oryza_sativa","Inflorescence","SRP339472"
"Os03g0267200","OsHsp17.7",0,0,0.25,0.027,0.223,2.64037626390872,"Inflorescence meristem","oryza_sativa->PO:0009049->PO:0000230","oryza_sativa","Inflorescence","SRP339472"
"Os03g0152000","LOC_Os03g05750",0,0,0.467,0.11,0.357,2.35669654030249,"Inflorescence meristem","oryza_sativa->PO:0009049->PO:0000230","oryza_sativa","Inflorescence","SRP339472"
"Os05g0176700","LOC_Os05g08420",0,0,0.357,0.062,0.295,2.3384182882961,"Inflorescence meristem","oryza_sativa->PO:0009049->PO:0000230","oryza_sativa","Inflorescence","SRP339472"
"Os01g0184100","OsHsp18.0",0,0,0.385,0.092,0.293,2.32343038956433,"Inflorescence meristem","oryza_sativa->PO:0009049->PO:0000230","oryza_sativa","Inflorescence","SRP339472"
"Os02g0782500","OsHSP18.0-CIII",0,0,0.272,0.042,0.23,2.25980118365952,"Inflorescence meristem","oryza_sativa->PO:0009049->PO:0000230","oryza_sativa","Inflorescence","SRP339472"
"Os07g0680600","LOC_Os07g48280",1.58892558477525e-301,8.61579009088532e-297,0.265,0.044,0.221,2.13869296039289,"Inflorescence meristem","oryza_sativa->PO:0009049->PO:0000230","oryza_sativa","Inflorescence","SRP339472"
"Os04g0414500","OsFbox208",1.7035563180443e-265,9.23736377896343e-261,0.226,0.036,0.19,2.13693763065425,"Inflorescence meristem","oryza_sativa->PO:0009049->PO:0000230","oryza_sativa","Inflorescence","SRP339472"
"Os03g0266300","Oshsp17.9A",8.21956982475238e-278,4.45697954177373e-273,0.479,0.155,0.324,1.98708186303861,"Inflorescence meristem","oryza_sativa->PO:0009049->PO:0000230","oryza_sativa","Inflorescence","SRP339472"
"Os05g0380900","OsCML15",2.975402089884e-282,1.6133820292187e-277,0.422,0.116,0.306,1.85140458775321,"Inflorescence meristem","oryza_sativa->PO:0009049->PO:0000230","oryza_sativa","Inflorescence","SRP339472"
"Os08g0500700","OsHSP82A",3.15476393457591e-159,1.71063919588444e-154,0.34,0.116,0.224,1.71463505840312,"Inflorescence meristem","oryza_sativa->PO:0009049->PO:0000230","oryza_sativa","Inflorescence","SRP339472"
"Os03g0820400","ZFP",9.55670744886424e-151,5.18202904707214e-146,0.381,0.145,0.236,1.49161912582701,"Inflorescence meristem","oryza_sativa->PO:0009049->PO:0000230","oryza_sativa","Inflorescence","SRP339472"
"Os03g0741100","OsbHLH148",1.34729083099773e-123,7.30554980200207e-119,0.211,0.059,0.152,1.47495173399125,"Inflorescence meristem","oryza_sativa->PO:0009049->PO:0000230","oryza_sativa","Inflorescence","SRP339472"
"Os05g0497300","OsERF#074",1.53433584594589e-183,8.31978269105699e-179,0.607,0.309,0.298,1.43838988732481,"Inflorescence meristem","oryza_sativa->PO:0009049->PO:0000230","oryza_sativa","Inflorescence","SRP339472"
"Os03g0820300","ZFP182",4.57354083256784e-230,2.47995678105159e-225,0.757,0.438,0.319,1.42096258324186,"Inflorescence meristem","oryza_sativa->PO:0009049->PO:0000230","oryza_sativa","Inflorescence","SRP339472"
"Os08g0492500","OsRHP1",6.1044935520491e-101,3.3101005836631e-96,0.204,0.063,0.141,1.37526703435858,"Inflorescence meristem","oryza_sativa->PO:0009049->PO:0000230","oryza_sativa","Inflorescence","SRP339472"
"Os01g0667900","GRX6",1.77153005794133e-213,9.60594458618108e-209,0.75,0.44,0.31,1.35244389790915,"Inflorescence meristem","oryza_sativa->PO:0009049->PO:0000230","oryza_sativa","Inflorescence","SRP339472"
"Os05g0128200","OsC3H33",2.62017296048806e-99,1.42076258609505e-94,0.252,0.091,0.161,1.32739191187646,"Inflorescence meristem","oryza_sativa->PO:0009049->PO:0000230","oryza_sativa","Inflorescence","SRP339472"
"Os02g0527300","HSFA3",9.2161077498713e-107,4.99734226629022e-102,0.316,0.126,0.19,1.30691941009772,"Inflorescence meristem","oryza_sativa->PO:0009049->PO:0000230","oryza_sativa","Inflorescence","SRP339472"
"Os03g0310800","LOC_Os03g19720",1.1873461421414e-104,6.43826572114751e-100,0.344,0.148,0.196,1.30520596196752,"Inflorescence meristem","oryza_sativa->PO:0009049->PO:0000230","oryza_sativa","Inflorescence","SRP339472"
"Os05g0524100","LOC_Os05g44900",6.35724144792735e-87,3.44715060272413e-82,0.213,0.075,0.138,1.30304646025901,"Inflorescence meristem","oryza_sativa->PO:0009049->PO:0000230","oryza_sativa","Inflorescence","SRP339472"
"Os03g0241300","OsPE",1.75618909755007e-96,9.52275976255549e-92,0.237,0.084,0.153,1.29164439844023,"Inflorescence meristem","oryza_sativa->PO:0009049->PO:0000230","oryza_sativa","Inflorescence","SRP339472"
"Os02g0629000","LOC_Os02g41840",2.62297226708747e-82,1.42228048210551e-77,0.215,0.078,0.137,1.22049546742166,"Inflorescence meristem","oryza_sativa->PO:0009049->PO:0000230","oryza_sativa","Inflorescence","SRP339472"
"Os04g0685700","LOC_Os04g58890",1.02809715815674e-95,5.57475403038911e-91,0.392,0.189,0.203,1.2051751948698,"Inflorescence meristem","oryza_sativa->PO:0009049->PO:0000230","oryza_sativa","Inflorescence","SRP339472"
"Os08g0485000","LOC_Os08g37840",1.67855043778781e-79,9.1017718938606e-75,0.204,0.074,0.13,1.18204738870535,"Inflorescence meristem","oryza_sativa->PO:0009049->PO:0000230","oryza_sativa","Inflorescence","SRP339472"
"Os02g0739100","OsFH16",9.43793324950818e-84,5.11762492521332e-79,0.252,0.1,0.152,1.17895109530163,"Inflorescence meristem","oryza_sativa->PO:0009049->PO:0000230","oryza_sativa","Inflorescence","SRP339472"
"Os03g0659400","LOC_Os03g45730",7.11081260481442e-93,3.85576702683457e-88,0.345,0.156,0.189,1.16437092356465,"Inflorescence meristem","oryza_sativa->PO:0009049->PO:0000230","oryza_sativa","Inflorescence","SRP339472"
"Os04g0591100","LOC_Os04g50120",5.65874359746954e-89,3.06839712829188e-84,0.334,0.147,0.187,1.10871141111031,"Inflorescence meristem","oryza_sativa->PO:0009049->PO:0000230","oryza_sativa","Inflorescence","SRP339472"
"Os03g0247900","OsACR9",2.71980586751965e-101,1.47478753360385e-96,0.482,0.257,0.225,1.09489256633628,"Inflorescence meristem","oryza_sativa->PO:0009049->PO:0000230","oryza_sativa","Inflorescence","SRP339472"
"Os01g0582600","LOC_Os01g40070",4.15316858701153e-83,2.25201413462113e-78,0.333,0.155,0.178,1.09282976030381,"Inflorescence meristem","oryza_sativa->PO:0009049->PO:0000230","oryza_sativa","Inflorescence","SRP339472"
"Os01g0955100","OsCML31",1.05753772009073e-83,5.73439253341997e-79,0.462,0.258,0.204,1.05866035206144,"Inflorescence meristem","oryza_sativa->PO:0009049->PO:0000230","oryza_sativa","Inflorescence","SRP339472"
"Os10g0391400","Os10g0391400",8.6358905613831e-73,4.68272529800437e-68,0.311,0.145,0.166,1.04114145106274,"Inflorescence meristem","oryza_sativa->PO:0009049->PO:0000230","oryza_sativa","Inflorescence","SRP339472"
"Os04g0610400","ERF77",3.52358687688375e-109,1.91062974812144e-104,0.595,0.355,0.24,1.02976124654001,"Inflorescence meristem","oryza_sativa->PO:0009049->PO:0000230","oryza_sativa","Inflorescence","SRP339472"
"Os08g0504700","SAP11",1.27970797281808e-68,6.93908851180877e-64,0.441,0.261,0.18,1.02809788579138,"Inflorescence meristem","oryza_sativa->PO:0009049->PO:0000230","oryza_sativa","Inflorescence","SRP339472"
"Os06g0683400","OsCCD1",3.26376659147874e-61,1.76974479656343e-56,0.24,0.107,0.133,1.01856105516947,"Inflorescence meristem","oryza_sativa->PO:0009049->PO:0000230","oryza_sativa","Inflorescence","SRP339472"
"Os01g0186900","LOC_Os01g09220",1.82033996055972e-131,9.870611402139e-127,0.736,0.495,0.241,0.975965172168053,"Inflorescence meristem","oryza_sativa->PO:0009049->PO:0000230","oryza_sativa","Inflorescence","SRP339472"
"Os01g0739500","LOC_Os01g53730",1.73054493225549e-44,9.3837068406622e-40,0.217,0.106,0.111,0.974598460250065,"Inflorescence meristem","oryza_sativa->PO:0009049->PO:0000230","oryza_sativa","Inflorescence","SRP339472"
"Os01g0261200","OsNAC8",5.27952167374336e-60,2.8627678323706e-55,0.236,0.104,0.132,0.962907783370658,"Inflorescence meristem","oryza_sativa->PO:0009049->PO:0000230","oryza_sativa","Inflorescence","SRP339472"
"Os01g0135700","OsCML16",1.57557203237393e-54,8.54338178834439e-50,0.261,0.127,0.134,0.962803426673799,"Inflorescence meristem","oryza_sativa->PO:0009049->PO:0000230","oryza_sativa","Inflorescence","SRP339472"
"Os02g0575000","LOC_Os02g36530",2.00720139645969e-51,1.0883848852163e-46,0.298,0.159,0.139,0.961949409802226,"Inflorescence meristem","oryza_sativa->PO:0009049->PO:0000230","oryza_sativa","Inflorescence","SRP339472"
"Os03g0241900","LOC_Os03g13840",4.96911065576467e-125,2.69445056198184e-120,0.787,0.603,0.184,0.961310617976006,"Inflorescence meristem","oryza_sativa->PO:0009049->PO:0000230","oryza_sativa","Inflorescence","SRP339472"
"Os01g0863300","LOC_Os01g64360",1.11595089994547e-52,6.05113215986434e-48,0.203,0.089,0.114,0.960538157829074,"Inflorescence meristem","oryza_sativa->PO:0009049->PO:0000230","oryza_sativa","Inflorescence","SRP339472"
"Os01g0884300","OsNAC6",3.731804712624e-69,2.02353378737324e-64,0.475,0.285,0.19,0.941974721929968,"Inflorescence meristem","oryza_sativa->PO:0009049->PO:0000230","oryza_sativa","Inflorescence","SRP339472"
"Os03g0334200","LOC_Os03g21640",2.26173284513409e-50,1.22640201794551e-45,0.216,0.098,0.118,0.930540172367369,"Inflorescence meristem","oryza_sativa->PO:0009049->PO:0000230","oryza_sativa","Inflorescence","SRP339472"
"Os02g0789600","LOC_Os02g54780",7.75904041611603e-48,4.20726207523476e-43,0.206,0.094,0.112,0.909023114414714,"Inflorescence meristem","oryza_sativa->PO:0009049->PO:0000230","oryza_sativa","Inflorescence","SRP339472"
"Os01g0295700","OsPP2C02",2.26714752067646e-49,1.2293380716116e-44,0.203,0.091,0.112,0.901321345735553,"Inflorescence meristem","oryza_sativa->PO:0009049->PO:0000230","oryza_sativa","Inflorescence","SRP339472"
"Os03g0181100","OsJAZ4",2.74080452362098e-43,1.48617384488824e-38,0.21,0.102,0.108,0.898620840562937,"Inflorescence meristem","oryza_sativa->PO:0009049->PO:0000230","oryza_sativa","Inflorescence","SRP339472"
"Os09g0486500","SAP1",1.07124588243303e-45,5.80872367290485e-41,0.291,0.158,0.133,0.888274027466894,"Inflorescence meristem","oryza_sativa->PO:0009049->PO:0000230","oryza_sativa","Inflorescence","SRP339472"
"Os02g0601800","LOC_Os02g38980",1.69444697848059e-53,9.18796929611313e-49,0.347,0.191,0.156,0.862743158763209,"Inflorescence meristem","oryza_sativa->PO:0009049->PO:0000230","oryza_sativa","Inflorescence","SRP339472"
"Os01g0278000","OsVQ1",2.0384514187087e-53,1.1053298972806e-48,0.34,0.187,0.153,0.861040863162366,"Inflorescence meristem","oryza_sativa->PO:0009049->PO:0000230","oryza_sativa","Inflorescence","SRP339472"
"Os01g0934100","LOC_Os01g70790",2.04102762022534e-61,1.10672681679099e-56,0.498,0.316,0.182,0.855828759383689,"Inflorescence meristem","oryza_sativa->PO:0009049->PO:0000230","oryza_sativa","Inflorescence","SRP339472"
"Os04g0679400","LOC_Os04g58280",1.8720785623221e-55,1.01511587963354e-50,0.253,0.118,0.135,0.843151271585903,"Inflorescence meristem","oryza_sativa->PO:0009049->PO:0000230","oryza_sativa","Inflorescence","SRP339472"
"Os02g0791500","OsUGlcAE3",1.87235807218936e-33,1.01526744106396e-28,0.222,0.119,0.103,0.755095384951323,"Inflorescence meristem","oryza_sativa->PO:0009049->PO:0000230","oryza_sativa","Inflorescence","SRP339472"
"Os01g0797600","ERF3",3.47625436433476e-38,1.88496416651688e-33,0.402,0.263,0.139,0.728629854853265,"Inflorescence meristem","oryza_sativa->PO:0009049->PO:0000230","oryza_sativa","Inflorescence","SRP339472"
"Os03g0761100","OsPP2C34",1.13334144626715e-44,6.14543065823901e-40,0.476,0.316,0.16,0.674475867379944,"Inflorescence meristem","oryza_sativa->PO:0009049->PO:0000230","oryza_sativa","Inflorescence","SRP339472"
"Os03g0353400","LOC_Os03g23010",5.74347729914496e-32,3.11434313068836e-27,0.337,0.213,0.124,0.643412750334361,"Inflorescence meristem","oryza_sativa->PO:0009049->PO:0000230","oryza_sativa","Inflorescence","SRP339472"
"Os07g0225300","OsNAC3",5.50504460783842e-22,2.9850553881543e-17,0.276,0.181,0.095,0.620956243901493,"Inflorescence meristem","oryza_sativa->PO:0009049->PO:0000230","oryza_sativa","Inflorescence","SRP339472"
"Os08g0205800","LOC_Os08g10500",2.30189856878955e-104,1.24818147994045e-99,0.945,0.859,0.086,0.595380726863615,"Inflorescence meristem","oryza_sativa->PO:0009049->PO:0000230","oryza_sativa","Inflorescence","SRP339472"
"Os05g0169000","OsTRXh8",1.95137536194441e-21,1.05811377626074e-16,0.225,0.138,0.087,0.548159579985251,"Inflorescence meristem","oryza_sativa->PO:0009049->PO:0000230","oryza_sativa","Inflorescence","SRP339472"
"Os01g0672400","OsDi19-3",2.48594461489395e-21,1.3479786079801e-16,0.222,0.135,0.087,0.530835489167723,"Inflorescence meristem","oryza_sativa->PO:0009049->PO:0000230","oryza_sativa","Inflorescence","SRP339472"
"Os02g0739400","LOC_Os02g50600",5.65288199805751e-19,3.0652187346267e-14,0.227,0.144,0.083,0.518872455836172,"Inflorescence meristem","oryza_sativa->PO:0009049->PO:0000230","oryza_sativa","Inflorescence","SRP339472"
"Os02g0465900","OsARP",1.74889306348651e-98,9.48319774744926e-94,0.367,0.215,0.152,1.10408846709178,"Spikelet","oryza_sativa->PO:0009049->PO:0009051","oryza_sativa","Inflorescence","SRP339472"
"Os09g0551600","LOC_Os09g37910",3.76191995231688e-111,2.0398634749443e-106,0.244,0.106,0.138,1.08251814581088,"Spikelet","oryza_sativa->PO:0009049->PO:0009051","oryza_sativa","Inflorescence","SRP339472"
"Os04g0349500","LOC_Os04g28180",1.75703155089962e-81,9.52732788159807e-77,0.27,0.143,0.127,0.939951878757455,"Spikelet","oryza_sativa->PO:0009049->PO:0009051","oryza_sativa","Inflorescence","SRP339472"
"Os01g0191100","LOC_Os01g09510",7.17167236728325e-60,3.88876762443567e-55,0.204,0.107,0.097,0.892724267366182,"Spikelet","oryza_sativa->PO:0009049->PO:0009051","oryza_sativa","Inflorescence","SRP339472"
"Os04g0486600","GAPDH",6.5153203428839e-65,3.53286730272537e-60,0.251,0.14,0.111,0.868979071627698,"Spikelet","oryza_sativa->PO:0009049->PO:0009051","oryza_sativa","Inflorescence","SRP339472"
"Os08g0234000","LOC_Os08g13690",4.40382049569432e-68,2.38792762558529e-63,0.273,0.153,0.12,0.833644879751686,"Spikelet","oryza_sativa->PO:0009049->PO:0009051","oryza_sativa","Inflorescence","SRP339472"
"Os01g0834600","Os01g0834600",1.7792821579505e-67,9.64797957327078e-63,0.283,0.161,0.122,0.824630034630915,"Spikelet","oryza_sativa->PO:0009049->PO:0009051","oryza_sativa","Inflorescence","SRP339472"
"Os03g0710800","GF14F",3.87458841411803e-85,2.10095682167136e-80,0.414,0.259,0.155,0.799053047373048,"Spikelet","oryza_sativa->PO:0009049->PO:0009051","oryza_sativa","Inflorescence","SRP339472"
"Os05g0486700","LOC_Os05g40820",2.77837107696725e-46,1.50654393277472e-41,0.22,0.13,0.09,0.772063782127588,"Spikelet","oryza_sativa->PO:0009049->PO:0009051","oryza_sativa","Inflorescence","SRP339472"
"Os03g0811900","OsARFA1f",4.74190778962865e-63,2.57125207984824e-58,0.369,0.244,0.125,0.758004926505619,"Spikelet","oryza_sativa->PO:0009049->PO:0009051","oryza_sativa","Inflorescence","SRP339472"
"Os11g0127900","OsRP1",1.33151883772118e-52,7.22002774565931e-48,0.258,0.154,0.104,0.755605535408002,"Spikelet","oryza_sativa->PO:0009049->PO:0009051","oryza_sativa","Inflorescence","SRP339472"
"Os03g0799000","LOC_Os03g58470",8.37605440821484e-46,4.54183174231041e-41,0.235,0.141,0.094,0.75079184180934,"Spikelet","oryza_sativa->PO:0009049->PO:0009051","oryza_sativa","Inflorescence","SRP339472"
"Os01g0896700","Os01g0896700",8.58725110571319e-39,4.65635103956192e-34,0.201,0.12,0.081,0.721265954108537,"Spikelet","oryza_sativa->PO:0009049->PO:0009051","oryza_sativa","Inflorescence","SRP339472"
"Os03g0417800","LOC_Os03g30430",1.23437250439961e-36,6.69326146785642e-32,0.202,0.123,0.079,0.717208632861696,"Spikelet","oryza_sativa->PO:0009049->PO:0009051","oryza_sativa","Inflorescence","SRP339472"
"Os12g0567700","rpl2",2.7481670626631e-38,1.49016610805844e-33,0.209,0.127,0.082,0.710781224981104,"Spikelet","oryza_sativa->PO:0009049->PO:0009051","oryza_sativa","Inflorescence","SRP339472"
"Os03g0177500","rfa4*",1.81611101518202e-40,9.847680368723e-36,0.233,0.145,0.088,0.710058932825987,"Spikelet","oryza_sativa->PO:0009049->PO:0009051","oryza_sativa","Inflorescence","SRP339472"
"Os09g0553100","LOC_Os09g38020",1.62367768156314e-42,8.80422986050797e-38,0.239,0.147,0.092,0.702081271567024,"Spikelet","oryza_sativa->PO:0009049->PO:0009051","oryza_sativa","Inflorescence","SRP339472"
"Os06g0728000","HMGB1",5.31554146809811e-72,2.88229920566152e-67,0.446,0.306,0.14,0.69960847975855,"Spikelet","oryza_sativa->PO:0009049->PO:0009051","oryza_sativa","Inflorescence","SRP339472"
"Os08g0116500","LOC_Os08g02340",3.63972534274084e-39,1.97360466984779e-34,0.225,0.14,0.085,0.693464344504063,"Spikelet","oryza_sativa->PO:0009049->PO:0009051","oryza_sativa","Inflorescence","SRP339472"
"Os03g0345200","RPS21",2.39120794702073e-55,1.29660859719252e-50,0.397,0.277,0.12,0.687237898686732,"Spikelet","oryza_sativa->PO:0009049->PO:0009051","oryza_sativa","Inflorescence","SRP339472"
"Os11g0247300","TID1",1.54526968351616e-69,8.37907033189802e-65,0.522,0.388,0.134,0.638947800984658,"Spikelet","oryza_sativa->PO:0009049->PO:0009051","oryza_sativa","Inflorescence","SRP339472"
"Os02g0610600","LOC_Os02g39720",9.56415099867081e-30,5.18606523751926e-25,0.228,0.152,0.076,0.613277891004255,"Spikelet","oryza_sativa->PO:0009049->PO:0009051","oryza_sativa","Inflorescence","SRP339472"
"Os03g0818400","RPS23",3.7915570513413e-29,2.0559338955193e-24,0.22,0.146,0.074,0.607689336744074,"Spikelet","oryza_sativa->PO:0009049->PO:0009051","oryza_sativa","Inflorescence","SRP339472"
"Os08g0532300","LOC_Os08g42000",2.04336748320881e-29,1.10799558409515e-24,0.202,0.13,0.072,0.600637333667533,"Spikelet","oryza_sativa->PO:0009049->PO:0009051","oryza_sativa","Inflorescence","SRP339472"
"Os03g0177400","rfa1*",3.74702993795831e-25,2.03178951355852e-20,0.22,0.152,0.068,0.596998275157631,"Spikelet","oryza_sativa->PO:0009049->PO:0009051","oryza_sativa","Inflorescence","SRP339472"
"Os03g0390600","LOC_Os03g27310",1.51469653927467e-44,8.21329051456297e-40,0.386,0.276,0.11,0.582376824447558,"Spikelet","oryza_sativa->PO:0009049->PO:0009051","oryza_sativa","Inflorescence","SRP339472"
"Os03g0285700","OsAPX1",3.37914391076411e-60,1.83230699417273e-55,0.571,0.45,0.121,0.562197342830878,"Spikelet","oryza_sativa->PO:0009049->PO:0009051","oryza_sativa","Inflorescence","SRP339472"
"Os03g0670700","OsGRP3",2.27326043452096e-76,1.23265273801465e-71,0.667,0.535,0.132,0.551285997003877,"Spikelet","oryza_sativa->PO:0009049->PO:0009051","oryza_sativa","Inflorescence","SRP339472"
"Os05g0489600","ARF",4.22191647189977e-44,2.28929198772293e-39,0.408,0.297,0.111,0.550234516784395,"Spikelet","oryza_sativa->PO:0009049->PO:0009051","oryza_sativa","Inflorescence","SRP339472"
"Os03g0351500","SODCC1",3.17907261556723e-28,1.72382033506518e-23,0.308,0.227,0.081,0.545951380328608,"Spikelet","oryza_sativa->PO:0009049->PO:0009051","oryza_sativa","Inflorescence","SRP339472"
"Os03g0743400","LOC_Os03g53190",6.3963855066023e-27,3.46837607710003e-22,0.275,0.199,0.076,0.531883714055986,"Spikelet","oryza_sativa->PO:0009049->PO:0009051","oryza_sativa","Inflorescence","SRP339472"
"Os08g0430500","GF14C",4.13501354711511e-18,2.2421697457877e-13,0.203,0.148,0.055,0.504295927554967,"Spikelet","oryza_sativa->PO:0009049->PO:0009051","oryza_sativa","Inflorescence","SRP339472"
"Os03g0279200","LOC_Os03g17100",0,0,0.407,0.036,0.371,3.20121451220107,"Spikelet floret","oryza_sativa->PO:0009049->PO:0009051->PO:0009082","oryza_sativa","Inflorescence","SRP339472"
"Os10g0539500","H4",0,0,0.453,0.064,0.389,2.81247384492026,"Spikelet floret","oryza_sativa->PO:0009049->PO:0009051->PO:0009082","oryza_sativa","Inflorescence","SRP339472"
"Os01g0866200","LOC_Os01g64640",0,0,0.442,0.075,0.367,2.60725953772629,"Spikelet floret","oryza_sativa->PO:0009049->PO:0009051->PO:0009082","oryza_sativa","Inflorescence","SRP339472"
"Os02g0684500","LOC_Os02g45940",9.70345399009587e-265,5.26160089158958e-260,0.258,0.033,0.225,2.50450016982695,"Spikelet floret","oryza_sativa->PO:0009049->PO:0009051->PO:0009082","oryza_sativa","Inflorescence","SRP339472"
"Os04g0253000","H1",5.10221576326305e-218,2.76662547547175e-213,0.329,0.063,0.266,2.24195552903101,"Spikelet floret","oryza_sativa->PO:0009049->PO:0009051->PO:0009082","oryza_sativa","Inflorescence","SRP339472"
"LNC_Os01g17985","LNC_Os01g17985",1.90244981975496e-91,1.03158439026393e-86,0.248,0.072,0.176,1.99338058290819,"Spikelet floret","oryza_sativa->PO:0009049->PO:0009051->PO:0009082","oryza_sativa","Inflorescence","SRP339472"
"Os09g0551600","LOC_Os09g37910",1.06046920915143e-174,5.75028823970271e-170,0.411,0.113,0.298,1.89427357407714,"Spikelet floret","oryza_sativa->PO:0009049->PO:0009051->PO:0009082","oryza_sativa","Inflorescence","SRP339472"
"Os03g0799000","LOC_Os03g58470",1.33677062431783e-145,7.24850503330101e-141,0.433,0.142,0.291,1.78290219234259,"Spikelet floret","oryza_sativa->PO:0009049->PO:0009051->PO:0009082","oryza_sativa","Inflorescence","SRP339472"
"Os09g0553100","LOC_Os09g38020",3.28462219347603e-74,1.78105353819044e-69,0.361,0.151,0.21,1.36461628115704,"Spikelet floret","oryza_sativa->PO:0009049->PO:0009051->PO:0009082","oryza_sativa","Inflorescence","SRP339472"
"Os07g0545400","LOC_Os07g36140",7.32372308344864e-47,3.97121560476919e-42,0.241,0.099,0.142,1.30871973643469,"Spikelet floret","oryza_sativa->PO:0009049->PO:0009051->PO:0009082","oryza_sativa","Inflorescence","SRP339472"
"Os05g0361700","OsERF#061",1.55640491373503e-40,8.43945000423681e-36,0.235,0.102,0.133,1.15637514427278,"Spikelet floret","oryza_sativa->PO:0009049->PO:0009051->PO:0009082","oryza_sativa","Inflorescence","SRP339472"
"Os01g0191100","LOC_Os01g09510",1.4810163372324e-39,8.03066298700898e-35,0.251,0.114,0.137,1.128342197034,"Spikelet floret","oryza_sativa->PO:0009049->PO:0009051->PO:0009082","oryza_sativa","Inflorescence","SRP339472"
"Os12g0508300","LOC_Os12g32380",3.20696600047034e-37,1.73894524409504e-32,0.22,0.096,0.124,1.10568911086793,"Spikelet floret","oryza_sativa->PO:0009049->PO:0009051->PO:0009082","oryza_sativa","Inflorescence","SRP339472"
"Os08g0129200","OsCSP2",4.38220633293311e-37,2.37620756196965e-32,0.227,0.101,0.126,1.10106595052072,"Spikelet floret","oryza_sativa->PO:0009049->PO:0009051->PO:0009082","oryza_sativa","Inflorescence","SRP339472"
"Os01g0834600","Os01g0834600",6.27903072763243e-48,3.40474162175141e-43,0.345,0.171,0.174,1.09815129072956,"Spikelet floret","oryza_sativa->PO:0009049->PO:0009051->PO:0009082","oryza_sativa","Inflorescence","SRP339472"
"Os07g0150200","LOC_Os07g05580",6.06014634014708e-40,3.28605375148135e-35,0.239,0.105,0.134,1.07416807361155,"Spikelet floret","oryza_sativa->PO:0009049->PO:0009051->PO:0009082","oryza_sativa","Inflorescence","SRP339472"
"Os03g0345200","RPS21",6.9349358806785e-51,3.76039963193911e-46,0.485,0.285,0.2,0.994342187796335,"Spikelet floret","oryza_sativa->PO:0009049->PO:0009051->PO:0009082","oryza_sativa","Inflorescence","SRP339472"
"Os02g0586500","LOC_Os02g37430",1.27692135939461e-33,6.92397837918135e-29,0.22,0.099,0.121,0.96607149046069,"Spikelet floret","oryza_sativa->PO:0009049->PO:0009051->PO:0009082","oryza_sativa","Inflorescence","SRP339472"
"Os09g0539800","LOC_Os09g36860",6.32600842218194e-28,3.43021480684394e-23,0.205,0.098,0.107,0.957159664328681,"Spikelet floret","oryza_sativa->PO:0009049->PO:0009051->PO:0009082","oryza_sativa","Inflorescence","SRP339472"
"Os08g0234000","LOC_Os08g13690",2.20022041109427e-36,1.19304751571176e-31,0.315,0.163,0.152,0.954061396640436,"Spikelet floret","oryza_sativa->PO:0009049->PO:0009051->PO:0009082","oryza_sativa","Inflorescence","SRP339472"
"Os05g0491100","CALa*",2.60122174513025e-28,1.41048647907942e-23,0.21,0.1,0.11,0.950353470956801,"Spikelet floret","oryza_sativa->PO:0009049->PO:0009051->PO:0009082","oryza_sativa","Inflorescence","SRP339472"
"Os08g0116500","LOC_Os08g02340",8.26787091746883e-31,4.4831703262883e-26,0.276,0.146,0.13,0.94929434274352,"Spikelet floret","oryza_sativa->PO:0009049->PO:0009051->PO:0009082","oryza_sativa","Inflorescence","SRP339472"
"Os01g0896700","Os01g0896700",1.62883391058462e-31,8.83218899675404e-27,0.253,0.126,0.127,0.941402204595546,"Spikelet floret","oryza_sativa->PO:0009049->PO:0009051->PO:0009082","oryza_sativa","Inflorescence","SRP339472"
"Os03g0710800","GF14F",9.48509900781119e-53,5.14320008599554e-48,0.485,0.272,0.213,0.923859485563614,"Spikelet floret","oryza_sativa->PO:0009049->PO:0009051->PO:0009082","oryza_sativa","Inflorescence","SRP339472"
"Os08g0128500","LOC_Os08g03450",1.63329673983578e-25,8.85638824208553e-21,0.236,0.124,0.112,0.903563116155279,"Spikelet floret","oryza_sativa->PO:0009049->PO:0009051->PO:0009082","oryza_sativa","Inflorescence","SRP339472"
"Os03g0424800","LOC_Os03g31134",9.66167358203501e-29,5.23894588312266e-24,0.222,0.108,0.114,0.880231007784347,"Spikelet floret","oryza_sativa->PO:0009049->PO:0009051->PO:0009082","oryza_sativa","Inflorescence","SRP339472"
"Os06g0728000","HMGB1",5.07364011301717e-45,2.75113061488243e-40,0.51,0.317,0.193,0.879954575186459,"Spikelet floret","oryza_sativa->PO:0009049->PO:0009051->PO:0009082","oryza_sativa","Inflorescence","SRP339472"
"Os11g0127900","OsRP1",2.48986649377276e-28,1.35010520758334e-23,0.295,0.163,0.132,0.856700660739794,"Spikelet floret","oryza_sativa->PO:0009049->PO:0009051->PO:0009082","oryza_sativa","Inflorescence","SRP339472"
"Os12g0567700","rpl2",2.80649165040948e-21,1.52179203251804e-16,0.239,0.134,0.105,0.851280165132507,"Spikelet floret","oryza_sativa->PO:0009049->PO:0009051->PO:0009082","oryza_sativa","Inflorescence","SRP339472"
"Os04g0486600","GAPDH",2.15522287088203e-33,1.16864804950707e-28,0.292,0.149,0.143,0.848550188759416,"Spikelet floret","oryza_sativa->PO:0009049->PO:0009051->PO:0009082","oryza_sativa","Inflorescence","SRP339472"
"Os06g0130900","LOC_Os06g04030",2.46856792258815e-42,1.3385562703442e-37,0.539,0.342,0.197,0.842725279173618,"Spikelet floret","oryza_sativa->PO:0009049->PO:0009051->PO:0009082","oryza_sativa","Inflorescence","SRP339472"
"Os03g0390600","LOC_Os03g27310",1.18047920457752e-35,6.40103043890114e-31,0.455,0.284,0.171,0.839277486741728,"Spikelet floret","oryza_sativa->PO:0009049->PO:0009051->PO:0009082","oryza_sativa","Inflorescence","SRP339472"
"Os05g0486700","LOC_Os05g40820",1.735993047712e-25,9.41324870191356e-21,0.254,0.137,0.117,0.80875544825686,"Spikelet floret","oryza_sativa->PO:0009049->PO:0009051->PO:0009082","oryza_sativa","Inflorescence","SRP339472"
"Os04g0349500","LOC_Os04g28180",3.28478546121183e-27,1.7811420684875e-22,0.284,0.155,0.129,0.793484456033335,"Spikelet floret","oryza_sativa->PO:0009049->PO:0009051->PO:0009082","oryza_sativa","Inflorescence","SRP339472"
"LNC_Os03g25810","LNC_Os03g25810",4.96796899019652e-21,2.69383150524416e-16,0.238,0.133,0.105,0.77977577606913,"Spikelet floret","oryza_sativa->PO:0009049->PO:0009051->PO:0009082","oryza_sativa","Inflorescence","SRP339472"
"Os03g0743400","LOC_Os03g53190",1.0513197941355e-27,5.70067645172036e-23,0.343,0.203,0.14,0.776771673429397,"Spikelet floret","oryza_sativa->PO:0009049->PO:0009051->PO:0009082","oryza_sativa","Inflorescence","SRP339472"
"Os04g0450800","Os04g0450800",5.83530279049364e-19,3.16413458511727e-14,0.205,0.112,0.093,0.767320562983857,"Spikelet floret","oryza_sativa->PO:0009049->PO:0009051->PO:0009082","oryza_sativa","Inflorescence","SRP339472"
"Os01g0267900","OsCam1-3",8.76379326576098e-21,4.75207926042624e-16,0.219,0.118,0.101,0.756176154483258,"Spikelet floret","oryza_sativa->PO:0009049->PO:0009051->PO:0009082","oryza_sativa","Inflorescence","SRP339472"
"Os11g0637501","LOC_Os11g41875",2.77125766076142e-14,1.50268675397127e-09,0.217,0.134,0.083,0.695646819988691,"Spikelet floret","oryza_sativa->PO:0009049->PO:0009051->PO:0009082","oryza_sativa","Inflorescence","SRP339472"
"Os10g0478200","OscMDH",1.04561028295623e-15,5.66971719830186e-11,0.202,0.117,0.085,0.691511546184803,"Spikelet floret","oryza_sativa->PO:0009049->PO:0009051->PO:0009082","oryza_sativa","Inflorescence","SRP339472"
"Os03g0811900","OsARFA1f",2.44181154203326e-21,1.32404789055212e-16,0.383,0.256,0.127,0.685355918750548,"Spikelet floret","oryza_sativa->PO:0009049->PO:0009051->PO:0009082","oryza_sativa","Inflorescence","SRP339472"
"Os11g0247300","TID1",7.45714559850535e-33,4.04356262933354e-28,0.575,0.399,0.176,0.650030800789637,"Spikelet floret","oryza_sativa->PO:0009049->PO:0009051->PO:0009082","oryza_sativa","Inflorescence","SRP339472"
"Os03g0351500","SODCC1",6.44308973354201e-21,3.49370097711582e-16,0.359,0.233,0.126,0.633045882061238,"Spikelet floret","oryza_sativa->PO:0009049->PO:0009051->PO:0009082","oryza_sativa","Inflorescence","SRP339472"
"Os11g0456300","OSK1",5.98087332709953e-15,3.24306875288645e-10,0.231,0.141,0.09,0.631963993138283,"Spikelet floret","oryza_sativa->PO:0009049->PO:0009051->PO:0009082","oryza_sativa","Inflorescence","SRP339472"
"Os03g0417800","LOC_Os03g30430",3.21321413616575e-12,1.74233323319452e-07,0.207,0.131,0.076,0.627605316983399,"Spikelet floret","oryza_sativa->PO:0009049->PO:0009051->PO:0009082","oryza_sativa","Inflorescence","SRP339472"
"Os07g0114300","LOC_Os07g02340",3.22098041751217e-15,1.7465444215918e-10,0.264,0.17,0.094,0.61723150941378,"Spikelet floret","oryza_sativa->PO:0009049->PO:0009051->PO:0009082","oryza_sativa","Inflorescence","SRP339472"
"Os07g0662500","eEF-1beta'",1.10025063290825e-14,5.96599903188171e-10,0.27,0.175,0.095,0.61572504734161,"Spikelet floret","oryza_sativa->PO:0009049->PO:0009051->PO:0009082","oryza_sativa","Inflorescence","SRP339472"
"Os08g0430500","GF14C",3.01224276409343e-16,1.63335851640202e-11,0.25,0.151,0.099,0.601835487366848,"Spikelet floret","oryza_sativa->PO:0009049->PO:0009051->PO:0009082","oryza_sativa","Inflorescence","SRP339472"
"Os03g0818400","RPS23",1.41619918143683e-13,7.67919844142307e-09,0.24,0.152,0.088,0.589697582628966,"Spikelet floret","oryza_sativa->PO:0009049->PO:0009051->PO:0009082","oryza_sativa","Inflorescence","SRP339472"
"Os08g0129800","LOC_Os08g03579",8.14141701706015e-19,4.4146019633307e-14,0.51,0.39,0.12,0.578257638119234,"Spikelet floret","oryza_sativa->PO:0009049->PO:0009051->PO:0009082","oryza_sativa","Inflorescence","SRP339472"
"Os08g0532300","LOC_Os08g42000",2.32584319806005e-13,1.26116521571608e-08,0.219,0.137,0.082,0.574151239475778,"Spikelet floret","oryza_sativa->PO:0009049->PO:0009051->PO:0009082","oryza_sativa","Inflorescence","SRP339472"
"Os03g0177400","rfa1*",1.24682994724528e-10,6.76081070594281e-06,0.235,0.158,0.077,0.554845836460135,"Spikelet floret","oryza_sativa->PO:0009049->PO:0009051->PO:0009082","oryza_sativa","Inflorescence","SRP339472"
"Os02g0261100","UBC5B",5.90694596172173e-13,3.20298237828399e-08,0.282,0.189,0.093,0.545863790248612,"Spikelet floret","oryza_sativa->PO:0009049->PO:0009051->PO:0009082","oryza_sativa","Inflorescence","SRP339472"
"Os03g0177500","rfa4*",1.47183380914168e-13,7.98087164668983e-09,0.243,0.154,0.089,0.526196257202558,"Spikelet floret","oryza_sativa->PO:0009049->PO:0009051->PO:0009082","oryza_sativa","Inflorescence","SRP339472"
"Os01g0251400","LOC_Os01g14850",0,0,0.778,0.072,0.706,4.93958257263621,"Spikelet meristem","oryza_sativa->PO:0009049->PO:0009051->PO:0006327","oryza_sativa","Inflorescence","SRP339472"
"Os01g0201600","LOC_Os01g10490",0,0,0.452,0.032,0.42,3.9703431896311,"Spikelet meristem","oryza_sativa->PO:0009049->PO:0009051->PO:0006327","oryza_sativa","Inflorescence","SRP339472"
"Os01g0822900","OsLTP1.2",3.89225845061815e-172,2.11053822226319e-167,0.254,0.033,0.221,2.71759734594289,"Spikelet meristem","oryza_sativa->PO:0009049->PO:0009051->PO:0006327","oryza_sativa","Inflorescence","SRP339472"
"Os05g0419800","OsGELP67",2.75346603764631e-200,1.49303942425333e-195,0.279,0.034,0.245,2.51644019439948,"Spikelet meristem","oryza_sativa->PO:0009049->PO:0009051->PO:0006327","oryza_sativa","Inflorescence","SRP339472"
"Os11g0671000","ARP1",7.94480183031726e-47,4.30798934447123e-42,0.205,0.061,0.144,1.47581389406843,"Spikelet meristem","oryza_sativa->PO:0009049->PO:0009051->PO:0006327","oryza_sativa","Inflorescence","SRP339472"
"LNC_Os03g25810","LNC_Os03g25810",6.3121523345755e-56,3.42270148190022e-51,0.351,0.132,0.219,1.42765715996083,"Spikelet meristem","oryza_sativa->PO:0009049->PO:0009051->PO:0006327","oryza_sativa","Inflorescence","SRP339472"
"Os03g0726100","OsTubA3",7.37208159814625e-34,3.99743752577882e-29,0.295,0.13,0.165,1.26508802015057,"Spikelet meristem","oryza_sativa->PO:0009049->PO:0009051->PO:0006327","oryza_sativa","Inflorescence","SRP339472"
"Os08g0129200","OsCSP2",2.21437636914279e-29,1.20072344240398e-24,0.242,0.103,0.139,1.22152197907298,"Spikelet meristem","oryza_sativa->PO:0009049->PO:0009051->PO:0006327","oryza_sativa","Inflorescence","SRP339472"
"Os11g0247300","TID1",2.12423286204519e-59,1.15184402711538e-54,0.671,0.399,0.272,1.19871347350701,"Spikelet meristem","oryza_sativa->PO:0009049->PO:0009051->PO:0006327","oryza_sativa","Inflorescence","SRP339472"
"Os04g0486600","GAPDH",3.0745883882155e-33,1.66716480762597e-28,0.324,0.15,0.174,1.18300755386357,"Spikelet meristem","oryza_sativa->PO:0009049->PO:0009051->PO:0006327","oryza_sativa","Inflorescence","SRP339472"
"Os10g0411700","OsRPS28",6.30222762339873e-28,3.41731990651173e-23,0.229,0.096,0.133,1.17536217068483,"Spikelet meristem","oryza_sativa->PO:0009049->PO:0009051->PO:0006327","oryza_sativa","Inflorescence","SRP339472"
"Os08g0116500","LOC_Os08g02340",9.82780508550483e-22,5.32902902956414e-17,0.284,0.148,0.136,1.05518463451645,"Spikelet meristem","oryza_sativa->PO:0009049->PO:0009051->PO:0006327","oryza_sativa","Inflorescence","SRP339472"
"Os03g0424800","LOC_Os03g31134",5.73582319643219e-21,3.11019277003339e-16,0.23,0.11,0.12,1.05291498599099,"Spikelet meristem","oryza_sativa->PO:0009049->PO:0009051->PO:0006327","oryza_sativa","Inflorescence","SRP339472"
"Os03g0177400","rfa1*",2.95682647776675e-21,1.60330958930424e-16,0.297,0.158,0.139,0.940086616735695,"Spikelet meristem","oryza_sativa->PO:0009049->PO:0009051->PO:0006327","oryza_sativa","Inflorescence","SRP339472"
"Os03g0670700","OsGRP3",3.51218024818076e-45,1.90444461777354e-40,0.76,0.547,0.213,0.924658232154074,"Spikelet meristem","oryza_sativa->PO:0009049->PO:0009051->PO:0006327","oryza_sativa","Inflorescence","SRP339472"
"Os11g0455500","LOC_Os11g26850",1.1858784064159e-16,6.43030707094959e-12,0.222,0.114,0.108,0.915870462760361,"Spikelet meristem","oryza_sativa->PO:0009049->PO:0009051->PO:0006327","oryza_sativa","Inflorescence","SRP339472"
"Os03g0177500","rfa4*",5.5568290910185e-20,3.01313500631387e-15,0.29,0.154,0.136,0.884751344558123,"Spikelet meristem","oryza_sativa->PO:0009049->PO:0009051->PO:0006327","oryza_sativa","Inflorescence","SRP339472"
"Os10g0478200","OscMDH",1.22368486845205e-11,6.63530883069438e-07,0.207,0.118,0.089,0.826543651858887,"Spikelet meristem","oryza_sativa->PO:0009049->PO:0009051->PO:0006327","oryza_sativa","Inflorescence","SRP339472"
"Os08g0430500","GF14C",1.07699404867608e-13,5.83989252954119e-09,0.262,0.152,0.11,0.816865379298459,"Spikelet meristem","oryza_sativa->PO:0009049->PO:0009051->PO:0006327","oryza_sativa","Inflorescence","SRP339472"
"Os03g0820600","Os03g0820600",6.47615533779269e-12,3.51163047036471e-07,0.23,0.137,0.093,0.80856426584662,"Spikelet meristem","oryza_sativa->PO:0009049->PO:0009051->PO:0006327","oryza_sativa","Inflorescence","SRP339472"
"Os09g0258600","rpl22",7.83828860507219e-15,4.25023361321435e-10,0.28,0.164,0.116,0.797603183210359,"Spikelet meristem","oryza_sativa->PO:0009049->PO:0009051->PO:0006327","oryza_sativa","Inflorescence","SRP339472"
"LOC_Os09g00999","LOC_Os09g00999",1.88129652692098e-22,1.02011422875763e-17,0.583,0.426,0.157,0.791995623100208,"Spikelet meristem","oryza_sativa->PO:0009049->PO:0009051->PO:0006327","oryza_sativa","Inflorescence","SRP339472"
"Os08g0234000","LOC_Os08g13690",3.34632105044493e-15,1.81450912639326e-10,0.285,0.167,0.118,0.78904580588922,"Spikelet meristem","oryza_sativa->PO:0009049->PO:0009051->PO:0006327","oryza_sativa","Inflorescence","SRP339472"
"Os08g0128500","LOC_Os08g03450",2.64457509267034e-16,1.43399439824957e-11,0.239,0.126,0.113,0.788490305920182,"Spikelet meristem","oryza_sativa->PO:0009049->PO:0009051->PO:0006327","oryza_sativa","Inflorescence","SRP339472"
"Os01g0191100","LOC_Os01g09510",2.32785415721377e-12,1.2622556382076e-07,0.212,0.118,0.094,0.776152736038846,"Spikelet meristem","oryza_sativa->PO:0009049->PO:0009051->PO:0006327","oryza_sativa","Inflorescence","SRP339472"
"Os03g0818400","RPS23",1.75015901897679e-13,9.49006226449972e-09,0.26,0.153,0.107,0.771445532837904,"Spikelet meristem","oryza_sativa->PO:0009049->PO:0009051->PO:0006327","oryza_sativa","Inflorescence","SRP339472"
"Os03g0177900","rfa3*",2.97326628203857e-11,1.61222390877259e-06,0.202,0.115,0.087,0.757839517184246,"Spikelet meristem","oryza_sativa->PO:0009049->PO:0009051->PO:0006327","oryza_sativa","Inflorescence","SRP339472"
"Os08g0129800","LOC_Os08g03579",3.45011759826766e-24,1.87079176648465e-19,0.574,0.39,0.184,0.739184969796964,"Spikelet meristem","oryza_sativa->PO:0009049->PO:0009051->PO:0006327","oryza_sativa","Inflorescence","SRP339472"
"Os11g0660500","OsTCTP",7.99823173608081e-29,4.33696117657246e-24,0.725,0.55,0.175,0.718783279574349,"Spikelet meristem","oryza_sativa->PO:0009049->PO:0009051->PO:0006327","oryza_sativa","Inflorescence","SRP339472"
"Os11g0127900","OsRP1",5.89171460691266e-16,3.19472332845232e-11,0.289,0.165,0.124,0.713055291977271,"Spikelet meristem","oryza_sativa->PO:0009049->PO:0009051->PO:0006327","oryza_sativa","Inflorescence","SRP339472"
"Os04g0349500","LOC_Os04g28180",4.66691882723932e-13,2.53059006488225e-08,0.265,0.157,0.108,0.696890801053557,"Spikelet meristem","oryza_sativa->PO:0009049->PO:0009051->PO:0006327","oryza_sativa","Inflorescence","SRP339472"
"Os01g0780900","LOC_Os01g57250",3.32619078246017e-12,1.8035936898812e-07,0.314,0.202,0.112,0.69600834344128,"Spikelet meristem","oryza_sativa->PO:0009049->PO:0009051->PO:0006327","oryza_sativa","Inflorescence","SRP339472"
"Os03g0345200","RPS21",2.65607860417839e-18,1.44023206232969e-13,0.446,0.289,0.157,0.692885589928252,"Spikelet meristem","oryza_sativa->PO:0009049->PO:0009051->PO:0006327","oryza_sativa","Inflorescence","SRP339472"
"Os03g0342900","LOC_Os03g22270",2.00020252986421e-14,1.08458981979357e-09,0.322,0.197,0.125,0.67238198718134,"Spikelet meristem","oryza_sativa->PO:0009049->PO:0009051->PO:0006327","oryza_sativa","Inflorescence","SRP339472"
"Os11g0703900","Os11g0703900",1.03574775322292e-13,5.61623861707598e-09,0.549,0.428,0.121,0.655172002724498,"Spikelet meristem","oryza_sativa->PO:0009049->PO:0009051->PO:0006327","oryza_sativa","Inflorescence","SRP339472"
"Os01g0896700","Os01g0896700",1.98211848584664e-08,0.0010747839277654,0.207,0.129,0.078,0.629322920004905,"Spikelet meristem","oryza_sativa->PO:0009049->PO:0009051->PO:0006327","oryza_sativa","Inflorescence","SRP339472"
"Os01g0834600","Os01g0834600",9.08768005084206e-08,0.0049277036307686,0.255,0.176,0.079,0.620394650639572,"Spikelet meristem","oryza_sativa->PO:0009049->PO:0009051->PO:0006327","oryza_sativa","Inflorescence","SRP339472"
"Os08g0532300","LOC_Os08g42000",3.19510435664316e-07,0.0173251338634619,0.21,0.138,0.072,0.608390399018778,"Spikelet meristem","oryza_sativa->PO:0009049->PO:0009051->PO:0006327","oryza_sativa","Inflorescence","SRP339472"
"Os03g0353400","LOC_Os03g23010",1.62071829350163e-07,0.0087881828746832,0.304,0.22,0.084,0.561919984903255,"Spikelet meristem","oryza_sativa->PO:0009049->PO:0009051->PO:0006327","oryza_sativa","Inflorescence","SRP339472"
"LOC_Os09g01000","LOC_Os09g01000",1.56973660848431e-16,8.51173978584534e-12,0.484,0.34,0.144,0.557030356107377,"Spikelet meristem","oryza_sativa->PO:0009049->PO:0009051->PO:0006327","oryza_sativa","Inflorescence","SRP339472"
"Os03g0417800","LOC_Os03g30430",2.2731296909367e-08,0.0012325818436135,0.21,0.132,0.078,0.546764988278071,"Spikelet meristem","oryza_sativa->PO:0009049->PO:0009051->PO:0006327","oryza_sativa","Inflorescence","SRP339472"
"Os09g0482100","OsHSP82",9.40776020781077e-08,0.0051012638950833,0.284,0.197,0.087,0.531035158864877,"Spikelet meristem","oryza_sativa->PO:0009049->PO:0009051->PO:0006327","oryza_sativa","Inflorescence","SRP339472"
